<?xml version="1.0" encoding="UTF-8"?>
<project-private xmlns="http://www.netbeans.org/ns/project-private/1">
    <editor-bookmarks xmlns="http://www.netbeans.org/ns/editor-bookmarks/2" lastBookmarkId="0"/>
    <open-files xmlns="http://www.netbeans.org/ns/projectui-open-files/2">
        <group>
            <file>file:/E:/Projects/Human_Prog/src/human_prog/Teacher.java</file>
            <file>file:/E:/Projects/Human_Prog/src/human_prog/Person.java</file>
            <file>file:/E:/Projects/Human_Prog/src/emp/zae/cr/Employee.java</file>
            <file>file:/E:/Projects/Human_Prog/src/human_prog/Student.java</file>
            <file>file:/E:/Projects/Human_Prog/src/emp/zae/cr/Manager.java</file>
            <file>file:/E:/Projects/Human_Prog/src/human_prog/Human_Prog.java</file>
            <file>file:/E:/Projects/Human_Prog/src/wex/bli/ev/Vechile.java</file>
            <file>file:/E:/Projects/Human_Prog/src/emp/zae/cr/Clerk.java</file>
            <file>file:/E:/Projects/Human_Prog/src/wex/bli/ev/Truck.java</file>
        </group>
    </open-files>
</project-private>
